dni,nombre,apellido,direccion,barrio,localidad,telefono,email,vehiculo,patente,fecha_cumple
18276703,Branden,Osler,1 Pond Junction,Barrio 2,Nahrīn,393-706-2736,bosler0@dyndns.org,Honda City 2018,ABC789,1/16/1959
22196154,Aurelie,Caudle,77185 Hoffman Point,Santa Rosa,Kanekomachi,931-469-2051,acaudle1@dailymail.co.uk,Ford Focus 2017,XYZ123,2/28/2022
17026303,Esta,Offord,3 Longview Street,Barrio 1,Lishu,439-120-6307,eofford2@smugmug.com,Honda City 2018,ADB456,2/15/1977
92419013,Caye,Gauge,85 Hudson Park,Barrio 1,Dziewin,949-296-8402,cgauge3@vkontakte.ru,Honda City 2018,ABC789,12/18/1956
70791492,Luciano,Syphus,645 Rieder Way,Barrio 1,Parry Sound,730-432-5684,lsyphus4@linkedin.com,Honda City 2018,XYZ123,2/15/2009
74886285,Vaughan,Karpov,32 Straubel Center,Santa Rosa,Werbkowice,969-532-7777,vkarpov5@w3.org,Toyota Corolla 2019,XYZ123,10/20/1957
43013323,Avery,Del Dello,74913 Mcguire Plaza,Barrio 1,Xianxi,574-523-4472,adeldello6@shutterfly.com,Ford Focus 2017,XYZ123,12/22/2017
21591383,Marice,Menpes,383 Mitchell Terrace,Barrio 3,Lobanovo,753-873-8725,mmenpes7@prlog.org,Ford Focus 2017,ABC789,7/16/1991
97619985,Cara,Lehmann,4 Huxley Circle,Barrio 1,Kandy,741-215-1484,clehmann8@spotify.com,Ford Focus 2017,XYZ123,11/30/1966
27265952,Nicola,Culverhouse,8027 Warner Pass,Barrio 2,Heba,618-383-5357,nculverhouse9@pagesperso-orange.fr,Ford Focus 2017,XYZ123,4/7/2012
78311581,Lisa,McJury,476 Main Alley,Barrio 2,Boulsa,476-947-0081,lmcjurya@mit.edu,Ford Focus 2017,XYZ123,11/21/1933
26654913,Luz,Harrill,3 Arizona Trail,Santa Rosa,Yinhe,460-251-5162,lharrillb@businessinsider.com,Ford Focus 2017,ADB456,12/7/1956
80907125,Cristionna,Forestall,8 Brown Lane,Barrio 1,Diofior,496-512-7858,cforestallc@bloomberg.com,Toyota Corolla 2019,ABC789,8/15/1943
82152603,Elora,Holleworth,204 Rusk Circle,Barrio 2,Matanog,414-606-8886,eholleworthd@sun.com,Ford Focus 2017,ADB456,4/20/1968
47198194,Rana,Pyer,26 Carberry Center,Santa Rosa,Logroño,661-643-1463,rpyere@theglobeandmail.com,Honda City 2018,ADB456,5/16/1993
75217586,Massimiliano,Beiderbeck,9 Mockingbird Street,Santa Rosa,San Vicente,341-424-0394,mbeiderbeckf@dailymail.co.uk,Honda City 2018,XYZ123,2/11/1922
95729649,Aryn,Heady,85291 Continental Street,Santa Rosa,Brooklyn,288-347-9919,aheadyg@meetup.com,Ford Focus 2017,XYZ123,11/13/1903
31519037,Amara,Lewinton,291 Delladonna Center,Barrio 2,El Agua Dulcita,726-878-6095,alewintonh@comsenz.com,Toyota Corolla 2019,XYZ123,2/25/1933
93350232,Charlean,Hamp,69 Del Sol Crossing,Santa Rosa,Spytkowice,141-530-0859,champi@hubpages.com,Toyota Corolla 2019,XYZ123,11/3/1933
32387029,Libby,Duferie,4 Prairieview Court,Barrio 1,Dhahi,180-318-4259,lduferiej@cam.ac.uk,Toyota Corolla 2019,ADB456,9/30/1978
96441938,Odelle,Megarry,55681 Corscot Place,Santa Rosa,Leticia,721-418-7492,omegarryk@ustream.tv,Ford Focus 2017,ADB456,8/31/1955
41268169,Gracie,Brewerton,4 Graedel Street,Barrio 1,Kulary,204-396-4234,gbrewertonl@squarespace.com,Honda City 2018,ABC789,12/12/1909
55157410,Levi,Oldall,60 Union Parkway,Barrio 2,Olszanica,563-768-0139,loldallm@answers.com,Toyota Corolla 2019,ADB456,10/26/1975
50498595,Charmian,Graybeal,55 Orin Parkway,Barrio 1,Jiaozhou,597-739-6446,cgraybealn@pagesperso-orange.fr,Ford Focus 2017,XYZ123,2/22/1932
78270050,Frazer,Whybrow,8543 Pine View Lane,Santa Rosa,Altenberg bei Linz,131-343-5188,fwhybrowo@webmd.com,Toyota Corolla 2019,ABC789,4/3/1923
66621014,Fianna,Chiene,19 Bunting Center,Barrio 2,Jin’e,932-411-9417,fchienep@liveinternet.ru,Toyota Corolla 2019,ABC789,7/21/1904
13677543,Kiersten,Peinton,05032 Veith Hill,Santa Rosa,Bailuquan,404-220-6505,kpeintonq@w3.org,Honda City 2018,ABC789,3/17/1920
31056715,Maryanna,Pavlenko,18057 Dexter Place,Barrio 1,Winneba,741-218-3805,mpavlenkor@yandex.ru,Ford Focus 2017,ADB456,10/17/1912
43511402,Sibley,Mounsie,02 Pleasure Crossing,Barrio 1,Aquia,841-381-9853,smounsies@bbc.co.uk,Honda City 2018,XYZ123,12/26/1959
50848162,Regen,Dellenbrok,00527 Charing Cross Way,Barrio 2,Zuogaimanma,927-858-8324,rdellenbrokt@list-manage.com,Toyota Corolla 2019,ABC789,10/20/2020
66047281,Ilsa,Coffelt,31 Hansons Alley,Barrio 1,Aguasay,341-209-7985,icoffeltu@intel.com,Ford Focus 2017,XYZ123,10/13/1942
6293609,Bathsheba,Ackermann,86 Katie Crossing,Santa Rosa,Baucau,671-407-5016,backermannv@hostgator.com,Toyota Corolla 2019,ABC789,7/30/1992
95805531,Ardisj,Effemy,66 Bunting Junction,Santa Rosa,Bato,251-264-8147,aeffemyw@walmart.com,Honda City 2018,ADB456,10/26/1903
66538329,Whitman,Barrat,9576 Barnett Crossing,Barrio 1,Nouméa,493-938-7551,wbarratx@histats.com,Toyota Corolla 2019,ADB456,10/15/1970
10323184,Hilton,McGawn,1800 Ramsey Hill,Barrio 3,Manogay,175-940-6044,hmcgawny@goo.gl,Ford Focus 2017,XYZ123,9/4/2013
66772623,Lilas,Spellicy,30627 3rd Court,Santa Rosa,Jinji,228-626-1932,lspellicyz@admin.ch,Honda City 2018,XYZ123,10/1/1975
23199169,Clarissa,Skellern,19268 Sutteridge Road,Barrio 2,Majzar,943-182-2715,cskellern10@rambler.ru,Ford Focus 2017,ADB456,10/19/1946
86589352,Kleon,Basketter,51 Nobel Lane,Barrio 1,La Dorada,587-144-1129,kbasketter11@reference.com,Ford Focus 2017,ABC789,12/29/1927
83190622,Saleem,Esgate,7610 Pine View Way,Santa Rosa,Bambuí,389-774-5193,sesgate12@qq.com,Ford Focus 2017,ABC789,5/26/1948
62640372,Moises,Sewley,93 Gulseth Point,Barrio 2,Igurusi,529-125-2017,msewley13@gnu.org,Ford Focus 2017,XYZ123,8/29/2015
11006103,Bryan,Bertwistle,7 Manufacturers Way,Barrio 2,Vilhelmina,739-790-0632,bbertwistle14@phpbb.com,Ford Focus 2017,ABC789,8/13/1987
11742469,Cirillo,Kellogg,53 Maple Wood Trail,Barrio 3,Mubende,250-608-3216,ckellogg15@go.com,Honda City 2018,ABC789,7/9/1944
68651208,Karly,Rhubottom,0 Badeau Lane,Barrio 1,Orly,359-188-3302,krhubottom16@miitbeian.gov.cn,Ford Focus 2017,XYZ123,9/18/1903
43405149,Myriam,McQuirk,229 Lukken Street,Barrio 3,Colombo,606-971-7721,mmcquirk17@nyu.edu,Toyota Corolla 2019,XYZ123,6/7/1999
70125142,Harmony,Albery,8 Crowley Avenue,Barrio 1,Nanhai,506-539-4947,halbery18@ustream.tv,Ford Focus 2017,ADB456,11/22/1966
64039433,Marcella,Burdett,0572 Vidon Place,Barrio 1,Banjar Peguyangan,655-861-2212,mburdett19@who.int,Toyota Corolla 2019,ABC789,2/13/1916
34151613,Cross,McAulay,84 Sycamore Plaza,Barrio 1,Tariji,366-449-7166,cmcaulay1a@1und1.de,Honda City 2018,ABC789,5/11/1978
29047710,Augy,Maffin,9457 Elmside Circle,Barrio 2,Chiquinquirá,659-965-4377,amaffin1b@google.co.uk,Toyota Corolla 2019,ADB456,2/1/1907
16059131,Bria,Rusling,39 Sunbrook Court,Barrio 1,Mastung,603-292-0626,brusling1c@ed.gov,Toyota Corolla 2019,ABC789,3/29/1939
99936442,Bianca,Grabiec,40581 Algoma Trail,Barrio 3,Volokonovka,642-739-8073,bgrabiec1d@zdnet.com,Ford Focus 2017,ABC789,12/2/2021
48176591,Dion,Cornbell,43 Pearson Street,Santa Rosa,Daniëlskuil,820-976-8158,dcornbell1e@hud.gov,Toyota Corolla 2019,ABC789,9/29/1996
91402516,Farlay,Millthorpe,17 Troy Plaza,Santa Rosa,Saint Paul,612-290-6819,fmillthorpe1f@friendfeed.com,Toyota Corolla 2019,XYZ123,2/15/2005
61566286,Bunni,Sclanders,140 Jenifer Junction,Barrio 1,Porirua,715-909-2909,bsclanders1g@plala.or.jp,Toyota Corolla 2019,XYZ123,6/22/1921
98015821,Rollie,Djurisic,7 Norway Maple Center,Barrio 1,Chynów,585-173-5009,rdjurisic1h@mail.ru,Toyota Corolla 2019,XYZ123,12/17/1928
19983580,Ann,Toft,37063 Goodland Avenue,Santa Rosa,Itsukaichi,718-340-9779,atoft1i@imgur.com,Toyota Corolla 2019,ADB456,6/5/1941
94670944,Danna,Gopsall,4965 Fieldstone Parkway,Barrio 2,Gyumri,716-348-1684,dgopsall1j@51.la,Toyota Corolla 2019,XYZ123,1/14/1931
94252383,Frankie,Rosellini,89 Cascade Trail,Santa Rosa,Çlirim,717-753-9024,frosellini1k@jigsy.com,Honda City 2018,XYZ123,11/1/1927
44608182,Vittoria,Assur,6897 Mifflin Alley,Santa Rosa,Jiangna,276-364-7322,vassur1l@geocities.com,Toyota Corolla 2019,ADB456,7/6/1982
53596697,Nicolina,Bezzant,612 Raven Hill,Barrio 1,Lian,815-896-8939,nbezzant1m@wikia.com,Ford Focus 2017,XYZ123,12/31/2000
28588821,Thorn,Attwool,00 Pond Terrace,Barrio 2,Bar-le-Duc,679-772-2872,tattwool1n@topsy.com,Honda City 2018,ABC789,5/3/1996
4097768,Ranna,Housam,6 Rockefeller Point,Barrio 1,Chambéry,240-209-9179,rhousam1o@mit.edu,Toyota Corolla 2019,ABC789,3/14/1970
67696332,Cass,Mc Ilory,41 Paget Court,Santa Rosa,Roudnice nad Labem,283-605-4953,cmcilory1p@multiply.com,Honda City 2018,ABC789,4/8/1937
40335917,Wynny,Wreiford,6093 Thackeray Circle,Barrio 1,Saint-Dié-des-Vosges,877-611-8099,wwreiford1q@marriott.com,Toyota Corolla 2019,ABC789,6/21/2004
65809385,Sybila,Cowill,4 Marquette Way,Santa Rosa,Cotuí,559-724-1796,scowill1r@usa.gov,Toyota Corolla 2019,ADB456,3/6/1964
65842352,Elnore,Roman,826 Ronald Regan Avenue,Barrio 3,Huangqi,737-397-2652,eroman1s@techcrunch.com,Ford Focus 2017,XYZ123,8/9/2011
10591426,Hasheem,Hacquel,6457 Truax Road,Barrio 3,Atengmelang,561-558-8136,hhacquel1t@oaic.gov.au,Ford Focus 2017,ADB456,3/10/1933
9859834,Moritz,Guage,3960 Manufacturers Avenue,Santa Rosa,Skawica,351-289-5627,mguage1u@flickr.com,Toyota Corolla 2019,ADB456,10/14/1941
75786880,Dermot,Dunican,12079 Crest Line Parkway,Barrio 1,Nanpiao,827-540-3794,ddunican1v@ted.com,Toyota Corolla 2019,ADB456,10/23/1912
36567804,Giuseppe,Blenkiron,9233 John Wall Drive,Barrio 3,Iperó,612-802-4436,gblenkiron1w@ustream.tv,Honda City 2018,ABC789,3/19/2010
53152313,Huntley,Weale,0 Crescent Oaks Junction,Santa Rosa,Ouangani,231-133-8167,hweale1x@dropbox.com,Honda City 2018,ADB456,2/9/1921
59325430,Ermina,Girton,46909 Porter Terrace,Barrio 3,Ndibène Dahra,635-974-1179,egirton1y@oakley.com,Toyota Corolla 2019,XYZ123,9/17/1996
25672370,Cordy,Eley,2 Cardinal Crossing,Santa Rosa,Mirebalais,370-576-0559,celey1z@omniture.com,Honda City 2018,ABC789,2/27/1999
69695984,Jerry,Djurevic,96665 Washington Trail,Barrio 2,Negoslavci,337-210-9659,jdjurevic20@51.la,Honda City 2018,ADB456,9/24/2000
88231850,Valeda,Thain,0166 Porter Center,Barrio 2,Orléans,803-873-9632,vthain21@sphinn.com,Toyota Corolla 2019,XYZ123,9/10/1988
37812235,Beatrice,Beedham,7890 School Plaza,Barrio 3,Mūsa Khel Bāzār,859-968-2293,bbeedham22@dagondesign.com,Toyota Corolla 2019,ABC789,4/1/1949
84363514,Claire,Scurfield,88174 Judy Junction,Barrio 1,Yōkaichiba,863-781-4997,cscurfield23@weebly.com,Toyota Corolla 2019,XYZ123,10/1/1958
73988845,Ahmed,Dillow,921 Mandrake Junction,Santa Rosa,San Antonio,210-922-1436,adillow24@woothemes.com,Toyota Corolla 2019,ADB456,6/9/1960
83647151,Ciro,Limerick,11 Center Pass,Barrio 1,Goyang-si,418-783-6329,climerick25@exblog.jp,Honda City 2018,XYZ123,11/15/1997
65763319,Roslyn,Ogden,16 Corscot Center,Santa Rosa,Nilópolis,336-114-1058,rogden26@imgur.com,Honda City 2018,ADB456,6/10/1995
49955765,Fawne,Kimmitt,0962 Ohio Point,Barrio 3,Ivanovo,350-306-6436,fkimmitt27@printfriendly.com,Ford Focus 2017,ABC789,4/7/1948
96674868,Hermina,Grigorian,262 Northview Way,Santa Rosa,Likino-Dulevo,578-422-2763,hgrigorian28@google.com.br,Ford Focus 2017,ADB456,8/24/1957
37785186,Taber,Florentine,9 Ilene Place,Santa Rosa,Santa Eulalia,566-886-9694,tflorentine29@nih.gov,Toyota Corolla 2019,ABC789,2/15/1946
97020423,Shea,Worswick,94790 Talmadge Point,Barrio 1,Cafayate,710-860-6663,sworswick2a@hud.gov,Honda City 2018,XYZ123,10/24/1927
62921303,Liliane,Caroline,87311 Walton Parkway,Barrio 3,Baltimore,410-265-1571,lcaroline2b@engadget.com,Toyota Corolla 2019,ABC789,10/3/1991
77764747,Galvin,Filippone,6 Coolidge Circle,Barrio 2,Namysłów,658-919-1956,gfilippone2c@sitemeter.com,Ford Focus 2017,ADB456,10/18/2001
82073018,Gwendolin,Trotton,26 Debs Circle,Barrio 2,Loga,134-119-5835,gtrotton2d@businessweek.com,Honda City 2018,ADB456,7/2/1917
32028183,Zerk,Heaselgrave,09605 Sutherland Parkway,Barrio 1,Sines,357-636-4160,zheaselgrave2e@sogou.com,Ford Focus 2017,ABC789,5/16/1985
99293272,Rosy,Georgeau,86405 Sunnyside Plaza,Barrio 2,Tapan,530-371-5044,rgeorgeau2f@seesaa.net,Toyota Corolla 2019,XYZ123,7/29/2001
97035406,Arlana,de Aguirre,1413 Bobwhite Parkway,Barrio 2,Umbanyar,651-396-7397,adeaguirre2g@squidoo.com,Ford Focus 2017,ADB456,1/12/1964
31177143,Burl,Claxson,0 Garrison Place,Barrio 3,Vichy,757-309-4578,bclaxson2h@ezinearticles.com,Ford Focus 2017,ADB456,3/5/1904
66440913,Ame,Rodda,51 Macpherson Parkway,Santa Rosa,Smārde,574-919-9367,arodda2i@blogspot.com,Toyota Corolla 2019,ADB456,7/25/1902
13256379,Ibbie,Morriss,12438 Delladonna Terrace,Santa Rosa,Babah Rot,176-382-5700,imorriss2j@weibo.com,Ford Focus 2017,ADB456,6/22/1965
6653154,Kasper,Kliement,0 Rockefeller Way,Barrio 2,Le Mans,916-796-5979,kkliement2k@washingtonpost.com,Toyota Corolla 2019,ABC789,1/7/1990
9955393,Addi,Letterese,167 Shelley Point,Santa Rosa,Wonorejo,373-475-3264,aletterese2l@nba.com,Honda City 2018,ABC789,4/8/1949
6147208,Glenine,Bramford,75 Shasta Point,Santa Rosa,Prochnookopskaya,324-150-4491,gbramford2m@naver.com,Ford Focus 2017,XYZ123,7/7/1973
2433655,Hollyanne,Oglesbee,1 Vidon Crossing,Barrio 2,Buluh Kasap,223-334-9361,hoglesbee2n@telegraph.co.uk,Ford Focus 2017,XYZ123,10/24/1911
39915007,Joey,Basley,39551 Atwood Lane,Barrio 1,Wuxing,388-934-2321,jbasley2o@mediafire.com,Toyota Corolla 2019,ADB456,10/25/1953
53398947,Kane,Dartan,7563 Laurel Center,Barrio 2,Clarines,326-646-6053,kdartan2p@scribd.com,Honda City 2018,ABC789,7/30/2022
97400625,Prudi,Rizziello,35 Elmside Point,Barrio 3,Alca,844-419-4587,prizziello2q@newsvine.com,Ford Focus 2017,ABC789,8/22/1985
2265958,Addie,Dymond,98 Center Circle,Barrio 2,Mertani,669-155-5943,adymond2r@un.org,Toyota Corolla 2019,ABC789,4/26/1934
